ID,Basic Event,Occurrences,MTTF_h,MTTR_h,Exp_λ_per_h,Weibull_ρ,Weibull_λ_h
BE1,Battery_Pack,13068,128.80,152.48,7.763737e-03,1.70032914451625,140.20918544288568
BE2,Grid,273,16033.96,10.00,6.236764e-05,1.0114667424340424,16108.437048252383
BE3,PCC_Breaker,4,1094990.00,10.00,9.132503e-07,1.5245791804391213,1181274.8241398109
BE4,PCC_Panel,8,547490.00,10.00,1.826517e-06,0.9227818800074783,539523.0089705507
BE5,PV_Array,20495,112.85,100.80,8.861170e-03,3.2357786229338044,123.06675162835214
