ID,Basic Event,Occurrences,MTTF_h,MTTR_h,Exp_λ_per_h,Weibull_ρ,Weibull_λ_h
BE1,BMS,752,48.08,10.16,0.020798,1.054,49.115
BE2,Battery_Pack,497,39.83,31.42,0.025105,0.706,30.446
BE3,Grid,121,297.36,64.62,0.003363,1.056,303.96
BE4,PCC_Breaker,230,187.36,3.08,0.005337,1.036,189.976
BE5,PCC_Panel,270,157.86,4.37,0.006335,1.017,159.033
BE6,PCS,720,50.84,9.99,0.019668,1.025,51.362
BE7,PV_Array,2067,9.94,9.06,0.100584,2.252,11.153
BE8,PV_Inverter,829,32.93,19.9,0.030367,1.096,34.097
