ID,Basic Event,Occurrences,MTTF_h,MTTR_h,Exp_λ_per_h,Weibull_ρ,Weibull_λ_h
BE1,Battery_Pack,4143,6.93,40.2,0.14425,1.923,7.743
BE2,Grid,13,16837.62,8.54,5.9e-05,0.725,13696.681
BE3,PCC_Panel,1,218999.0,1.0,5e-06,1.0662499817171612e+16,129693.0
BE4,PV_Array,11025,10.3,9.57,0.097121,2.097,11.376
